pickup_hour,trips,avg_fare,avg_total,total_revenue
0,35571,17.5136951449213,27.6725062550946,984338.719999971
1,30435,18.2485526531953,28.1264843108262,856029.549999994
2,29756,18.2890193574406,27.6492431778463,822730.879999993
3,29000,18.6574765517243,28.0042948275859,812124.549999992
4,23768,19.6006306799058,29.1266181420394,692281.459999994
5,16683,20.5585967751602,30.2681196427501,504963.039999999
6,10966,18.4413642166697,27.2901687032648,299263.990000001
7,7505,16.4198361092605,24.7257561625584,185566.800000001
8,4743,16.4947079907231,24.676917562724,117042.62
9,3061,19.3210748121529,28.2158085592943,86368.5899999998
10,2032,29.5388730314961,40.6119586614174,82523.5000000001
11,4283,25.4953724025216,35.2412818118143,150938.410000001
12,9888,20.6694174757281,28.9719842233011,286474.980000001
13,17436,18.2959113328745,26.2298652213813,457343.930000004
14,21120,18.0457069128786,26.052290719697,550224.380000002
15,23378,18.5527667037384,26.7815779792967,626099.729999998
16,25323,18.8455443667811,27.0892429806893,685980.899999994
17,28145,18.7826338603659,26.9540383727124,758621.40999999
18,29159,19.4276288624438,27.8277807880925,811430.259999989
19,30736,20.2584197683496,28.9102583289945,888585.699999976
20,32829,20.8362664107954,29.6019726461354,971803.159999978
21,32744,20.3880707915954,30.0844279868062,985084.509999982
22,34253,19.8651478702594,30.425071380608,1042149.96999997
23,37215,18.10864006449,28.3261961574626,1054159.38999997
