pickup_date,trips,avg_fare,avg_total,total_revenue
2024-01-01,2231,21.7494666069028,30.8631420887495,68855.6700000001
2024-01-02,2301,20.9600825727944,30.5014124293786,70183.7500000001
2024-01-03,2606,20.385778971604,29.4416039907905,76724.8200000001
2024-01-04,3216,18.8764303482587,27.973006840796,89961.19
2024-01-05,3249,18.0166204986149,26.9982486919053,87717.3100000003
2024-01-06,2933,17.6143334469826,25.7356631435391,75482.7000000002
2024-01-07,2111,20.1812411179536,29.2236286120323,61691.0800000001
2024-01-08,2578,19.1226920093096,28.3133436772692,72991.8000000001
2024-01-09,2907,17.1927588579291,25.9206123151015,75351.22
2024-01-10,2957,17.5117686844775,26.5788468041935,78593.6500000002
2024-01-11,3345,19.3001793721973,28.8209297458895,96406.0100000003
2024-01-12,3216,18.4010572139303,27.5922543532339,88736.6900000001
2024-01-13,3120,17.457016025641,25.7777564102564,80426.6000000001
2024-01-14,2821,17.9009925558313,26.3803403048564,74418.9399999999
2024-01-15,2358,20.5921416454623,29.9601908396947,70646.1300000001
2024-01-16,2773,19.3298016588532,28.8880382257484,80106.5300000002
2024-01-17,3364,17.9632550535077,27.1180975029727,91225.2800000001
2024-01-18,3265,17.5842542113323,26.6124961715161,86889.8000000001
2024-01-19,2989,17.9749013047843,27.0530010036803,80861.4200000003
2024-01-20,3255,16.5017818740399,24.5169431643626,79802.6500000003
2024-01-21,2553,18.8212690951822,27.7482922052487,70841.3899999999
2024-01-22,2633,18.8986327383213,28.2296961640714,74328.79
2024-01-23,3121,17.8396507529638,26.8511374559436,83802.4
2024-01-24,3369,17.609750667854,26.7191659246067,90016.8700000001
2024-01-25,3403,18.3697296503086,27.6053834851603,93941.1200000005
2024-01-26,3288,18.2677281021898,27.4002128953771,90091.9
2024-01-27,3462,17.2458549971114,25.3043009820913,87603.4900000002
2024-01-28,2729,18.1379443019421,26.7263503114695,72936.2100000001
2024-01-29,2627,18.8921583555386,28.2675827940617,74258.9400000002
2024-01-30,3250,17.8043969230769,26.9547138461538,87602.8199999999
2024-01-31,3276,17.3204212454212,26.2954120879121,86143.7700000002
2024-02-01,3334,18.7260047990402,28.0532633473307,93529.5800000005
2024-02-02,3236,17.7345488257108,26.8573825710754,86910.4900000001
2024-02-03,3382,16.5839178001183,24.4899290360734,82824.9400000001
2024-02-04,2736,18.6545321637427,27.4207529239767,75023.1800000003
2024-02-05,2715,18.2536648250461,27.4483388581953,74522.2400000003
2024-02-06,3056,17.7159064136125,26.6760994764399,81522.1600000002
2024-02-07,3173,19.0907973526631,28.5293255594075,90523.5499999999
2024-02-08,3554,18.6514575126618,28.0587816544739,99720.9100000001
2024-02-09,3329,18.5787623911084,28.0198978672275,93278.2400000004
2024-02-10,3368,17.5212589073634,25.5196704275535,85950.2500000001
2024-02-11,2942,18.7618966689327,27.553443235894,81062.2300000001
2024-02-12,2864,18.2611033519553,27.4230342178772,78539.5700000003
2024-02-13,2170,16.3397695852534,25.2301797235023,54749.49
2024-02-14,3605,17.7233092926491,26.6503079056866,96074.3600000003
2024-02-15,3443,18.4434446703456,27.5612953819344,94893.5400000001
2024-02-16,3140,19.3666242038216,28.8262929936306,90514.5600000001
2024-02-17,3052,16.8964154652686,24.8229554390564,75759.66
2024-02-18,2655,17.9538983050848,26.3589303201507,69982.9600000001
2024-02-19,2255,20.5174767184036,29.8499467849225,67311.6300000002
2024-02-20,3024,18.323707010582,27.3375496031746,82668.7499999999
2024-02-21,3154,17.4270608750792,26.3883449587825,83228.8400000001
2024-02-22,3461,18.703409419243,28.0214995665993,96982.4100000003
2024-02-23,3105,18.0099967793881,26.9670531400967,83732.7000000003
2024-02-24,3421,17.237182110494,25.2570301081556,86404.3000000003
2024-02-25,2705,18.7766728280961,27.451685767098,74256.81
2024-02-26,2676,20.3830343796711,30.1584379671151,80703.9799999999
2024-02-27,3292,18.2957958687728,27.5809113001216,90796.3600000003
2024-02-28,3234,18.6905998763142,27.8844959802103,90178.4600000001
2024-02-29,3784,18.8061839323467,28.1693023255815,106592.64
2024-03-01,2941,18.2977898673921,27.6040938456308,81183.6400000002
2024-03-02,2706,16.870480413895,25.0023059866962,67656.2399999998
2024-03-03,2258,19.8374224977856,28.6072542072631,64595.18
2024-03-04,2477,20.068146951958,29.6049414614453,73331.4400000001
2024-03-05,2823,18.3577399929153,27.4653205809423,77534.6000000001
2024-03-06,3088,18.4798575129534,27.7249190414508,85614.5500000001
2024-03-07,3006,19.2932002661344,28.7632002661345,86462.1800000002
2024-03-08,2912,17.9260302197802,26.942135989011,78455.5
2024-03-09,3010,16.8304717607974,24.8141727574751,74690.6600000001
2024-03-10,2448,20.0826470588235,29.2082598039216,71501.82
2024-03-11,2450,19.947387755102,29.7287428571428,72835.4199999999
2024-03-12,2812,19.3638691322902,28.7424573257468,80823.7899999999
2024-03-13,2955,18.6680541455161,28.0272115059223,82820.4100000003
2024-03-14,3150,19.8753523809524,29.5459492063494,93069.7400000005
2024-03-15,3001,19.3841652782406,28.8572609130291,86600.6400000004
2024-03-16,2992,18.4898763368984,26.9352339572192,80590.2199999999
2024-03-17,2325,21.722688172043,31.2515225806451,72659.7899999999
2024-03-18,2434,20.4991906327034,30.4715201314709,74167.6800000001
2024-03-19,2757,18.7556401886108,28.0158832063838,77239.7900000001
2024-03-20,2819,18.9484675416814,28.3676516495211,79968.4100000001
2024-03-21,3006,18.8620558882235,28.2214703925483,84833.7400000002
2024-03-22,2856,19.5440441176471,29.0157703081233,82869.0400000003
2024-03-23,2591,17.2856773446546,25.40891547665,65834.5000000001
2024-03-24,2317,20.7817220543807,29.8150064738886,69081.37
2024-03-25,2334,20.592382176521,30.0794387317909,70205.4099999999
2024-03-26,2721,19.1394634325616,28.4656008820287,77454.9000000002
2024-03-27,2759,19.1398586444364,28.5454802464661,78756.9799999999
2024-03-28,2889,20.323738317757,30.0983939079267,86954.2600000001
2024-03-29,2670,19.3769475655431,28.9656554307117,77338.3000000003
2024-03-30,2519,17.7012266772528,25.8081341802302,65010.69
2024-03-31,2211,19.5608050655811,28.3859294436906,62761.2899999999
2024-04-01,2357,19.728629613916,29.4232626219771,69350.63
2024-04-02,3071,19.7607619667861,29.1572549658091,89541.9299999999
2024-04-03,3042,18.5593063773833,27.8035996055227,84578.5500000002
2024-04-04,3277,19.46819957278,29.0957033872445,95346.6200000003
2024-04-05,3173,18.9006965017333,28.0590576741254,89031.39
2024-04-06,2854,18.3741310441486,26.7257358093903,76275.25
2024-04-07,2468,20.1087317666126,29.2986061588332,72308.9600000003
2024-04-08,2390,19.8712552301255,29.6837364016737,70944.1300000001
2024-04-09,2804,19.6311340941513,29.1851569186876,81835.1800000001
2024-04-10,2868,19.2249058577406,28.8970850767086,82876.8400000003
2024-04-11,3087,19.5954972465176,29.1360706187237,89943.05
2024-04-12,2943,18.5357186544343,27.7475025484201,81660.9000000002
2024-04-13,2960,17.0518918918919,25.0041081081082,74012.1600000002
2024-04-14,2531,21.3596246542868,30.6754444883446,77639.5500000001
2024-04-15,2607,20.5780667433832,30.304054468738,79002.67
2024-04-16,2796,19.5439127324749,29.0999892703863,81363.5700000001
2024-04-17,3231,19.102606004333,28.5830485917673,92351.83
2024-04-18,3310,19.1806253776435,28.5387552870092,94463.2800000003
2024-04-19,3012,18.9387549800797,28.1596580345286,84816.8900000002
2024-04-20,2895,18.5075025906735,26.842006908463,77707.6100000003
2024-04-21,2556,19.4695579029734,28.3178012519562,72380.3000000001
2024-04-22,2383,19.635707091901,29.3664036928242,69980.14
2024-04-23,2550,19.4329607843137,28.790305882353,73415.2800000001
2024-04-24,2830,19.6106890459363,29.0825830388693,82303.7100000003
2024-04-25,3120,20.5437788461539,30.3595865384616,94721.9100000002
2024-04-26,2917,20.0733287624272,29.7155605073707,86680.2900000002
2024-04-27,2890,18.512169550173,26.8720622837371,77660.2600000002
2024-04-28,2367,20.7120616814533,29.8255935783692,70597.18
2024-04-29,2532,19.9426500789889,29.5984834123223,74943.36
2024-04-30,2839,18.9857590700951,28.4732018316309,80835.4200000002
2024-05-01,2897,19.0619571971004,28.3181843286158,82037.7800000001
2024-05-02,3200,19.997446875,29.6683156250001,94938.6100000004
2024-05-03,2987,18.8862068965517,28.4538031469703,84991.5100000002
2024-05-04,3181,18.0355234203081,26.344592895316,83802.1500000002
2024-05-05,2604,20.524519969278,29.5362788018434,76912.4700000002
2024-05-06,2411,20.2736831190377,29.9130609705517,72120.3900000001
2024-05-07,2815,19.8814103019538,29.2968809946715,82470.7200000002
2024-05-08,2995,19.7569949916527,29.417245409015,88104.65
2024-05-09,3177,19.9880390305319,29.5709096632044,93946.7800000003
2024-05-10,2985,19.3931390284757,28.8298090452262,86056.9800000003
2024-05-11,2945,18.4946859083192,26.9314227504245,79313.0400000002
2024-05-12,2499,20.0259663865546,29.0516006402562,72599.9500000001
2024-05-13,2643,20.6878963299282,30.5158986000757,80653.52
2024-05-14,3043,20.4578508051265,29.9950640814986,91274.9800000001
2024-05-15,2999,20.6118272757586,30.2582727575859,90744.5600000001
2024-05-16,3264,20.3768106617648,30.2378155637255,98696.2299999999
2024-05-17,3074,19.3822381262199,28.6580741704621,88094.9200000004
2024-05-18,2941,19.2029751785107,27.7303502210133,81554.9600000002
2024-05-19,2403,21.0583437369955,30.329521431544,72881.8400000002
2024-05-20,2517,20.5067540723083,30.3574135876042,76409.6099999999
2024-05-21,2834,20.211217360621,29.7846965419902,84409.8300000003
2024-05-22,3041,20.2031831634331,29.8559388359093,90791.9100000001
2024-05-23,2920,20.5089965753425,30.1606301369864,88069.0400000002
2024-05-24,2526,20.4461955661124,30.0757640538401,75971.3800000002
2024-05-25,2116,18.6879253308129,27.0718761814746,57284.0900000001
2024-05-26,1858,19.6594456404736,27.860199138859,51764.25
2024-05-27,1581,21.6916508538899,30.8196394686906,48725.8499999999
2024-05-28,2494,21.0760224538894,30.8704771451484,76990.9700000002
2024-05-29,2805,19.7015935828877,29.104513368984,81638.16
2024-05-30,2871,19.6736328805294,29.1503517938002,83690.6600000003
2024-05-31,2730,19.7649816849817,29.0558095238096,79322.3600000001
2024-06-01,2975,18.2464672268908,26.4541445378151,78701.08
2024-06-02,2482,21.7383078162772,31.12875906527,77261.5800000001
2024-06-03,2731,21.076975466862,30.929813255218,84469.3200000004
2024-06-04,3161,20.1855393862702,29.9982378993989,94824.4300000001
2024-06-05,3291,19.6045578851413,29.2351078699483,96212.7399999999
2024-06-06,3384,20.6970390070922,30.622408392435,103626.23
2024-06-07,3137,19.3544788014026,28.8854415046223,90613.6300000002
2024-06-08,2959,18.3802433254478,26.6308583981075,78800.7100000002
2024-06-09,2362,21.506532599492,30.8249534292973,72808.5400000002
2024-06-10,2673,20.2830527497194,30.1240927796484,80521.7000000001
2024-06-11,3002,18.5599733510993,27.815939373751,83503.4500000004
2024-06-12,3152,18.8815038071066,28.2106091370559,88919.8400000001
2024-06-13,3172,18.9324716267339,28.2560813366962,89628.2900000003
2024-06-14,2927,19.1302391527161,28.285261359754,82790.96
2024-06-15,2726,19.1022633895818,27.5064893617022,74982.6900000002
2024-06-16,2273,20.1041750989881,29.0830224373075,66105.7099999999
2024-06-17,2503,19.3881582101478,28.9079065121855,72356.4900000002
2024-06-18,2941,18.4520673240394,27.3923223393403,80560.8199999999
2024-06-19,2654,18.7628862094951,28.1341296156745,74667.98
2024-06-20,3074,20.1656180871829,29.7186662329214,91355.1800000004
2024-06-21,2812,19.0674786628734,28.3589793741111,79745.4500000003
2024-06-22,2757,18.2028654334422,26.4942038447588,73044.52
2024-06-23,2517,20.2001907032182,28.9584028605483,72888.3000000001
2024-06-24,2672,21.1323353293413,30.9289034431138,82642.0300000001
2024-06-25,2981,20.310164374371,29.9821268030862,89376.7200000001
2024-06-26,3136,19.716393494898,29.2529113520408,91737.1299999999
2024-06-27,3039,22.0432510694308,32.1601612372491,97734.7299999999
2024-06-28,2597,20.3679322294956,29.9345206006931,77739.95
2024-06-29,2452,19.2340660685155,27.7014355628059,67923.92
2024-06-30,2063,20.9501599612216,30.0394619486185,61971.41
